serie;idbank;periode;valeur;statut_obs;date_maj_insee;source;date_extraction
ICC;000008630;2000-T1;1083;A;2026-06-24;INSEE_SDMX;2026-09-21
ICC;000008630;2000-T2;1089;A;2026-06-24;INSEE_SDMX;2026-09-21
ICC;000008630;2000-T3;1093;A;2026-06-24;INSEE_SDMX;2026-09-21
ICC;000008630;2000-T4;1127;A;2026-06-24;INSEE_SDMX;2026-09-21
ICC;000008630;2001-T1;1125;A;2026-06-24;INSEE_SDMX;2026-09-21
ICC;000008630;2001-T2;1139;A;2026-06-24;INSEE_SDMX;2026-09-21
ICC;000008630;2001-T3;1145;A;2026-06-24;INSEE_SDMX;2026-09-21
ICC;000008630;2001-T4;1140;A;2026-06-24;INSEE_SDMX;2026-09-21
ICC;000008630;2002-T1;1159;A;2026-06-24;INSEE_SDMX;2026-09-21
ICC;000008630;2002-T2;1163;A;2026-06-24;INSEE_SDMX;2026-09-21
ICC;000008630;2002-T3;1170;A;2026-06-24;INSEE_SDMX;2026-09-21
ICC;000008630;2002-T4;1172;A;2026-06-24;INSEE_SDMX;2026-09-21
ICC;000008630;2003-T1;1183;A;2026-06-24;INSEE_SDMX;2026-09-21
ICC;000008630;2003-T2;1202;A;2026-06-24;INSEE_SDMX;2026-09-21
ICC;000008630;2003-T3;1203;A;2026-06-24;INSEE_SDMX;2026-09-21
ICC;000008630;2003-T4;1214;A;2026-06-24;INSEE_SDMX;2026-09-21
ICC;000008630;2004-T1;1225;A;2026-06-24;INSEE_SDMX;2026-09-21
ICC;000008630;2004-T2;1267;A;2026-06-24;INSEE_SDMX;2026-09-21
ICC;000008630;2004-T3;1272;A;2026-06-24;INSEE_SDMX;2026-09-21
ICC;000008630;2004-T4;1269;A;2026-06-24;INSEE_SDMX;2026-09-21
ICC;000008630;2005-T1;1270;A;2026-06-24;INSEE_SDMX;2026-09-21
ICC;000008630;2005-T2;1276;A;2026-06-24;INSEE_SDMX;2026-09-21
ICC;000008630;2005-T3;1278;A;2026-06-24;INSEE_SDMX;2026-09-21
ICC;000008630;2005-T4;1332;A;2026-06-24;INSEE_SDMX;2026-09-21
ICC;000008630;2006-T1;1362;A;2026-06-24;INSEE_SDMX;2026-09-21
ICC;000008630;2006-T2;1366;A;2026-06-24;INSEE_SDMX;2026-09-21
ICC;000008630;2006-T3;1381;A;2026-06-24;INSEE_SDMX;2026-09-21
ICC;000008630;2006-T4;1406;A;2026-06-24;INSEE_SDMX;2026-09-21
ICC;000008630;2007-T1;1385;A;2026-06-24;INSEE_SDMX;2026-09-21
ICC;000008630;2007-T2;1435;A;2026-06-24;INSEE_SDMX;2026-09-21
ICC;000008630;2007-T3;1443;A;2026-06-24;INSEE_SDMX;2026-09-21
ICC;000008630;2007-T4;1474;A;2026-06-24;INSEE_SDMX;2026-09-21
ICC;000008630;2008-T1;1497;A;2026-06-24;INSEE_SDMX;2026-09-21
ICC;000008630;2008-T2;1562;A;2026-06-24;INSEE_SDMX;2026-09-21
ICC;000008630;2008-T3;1594;A;2026-06-24;INSEE_SDMX;2026-09-21
ICC;000008630;2008-T4;1523;A;2026-06-24;INSEE_SDMX;2026-09-21
ICC;000008630;2009-T1;1503;A;2026-06-24;INSEE_SDMX;2026-09-21
ICC;000008630;2009-T2;1498;A;2026-06-24;INSEE_SDMX;2026-09-21
ICC;000008630;2009-T3;1502;A;2026-06-24;INSEE_SDMX;2026-09-21
ICC;000008630;2009-T4;1507;A;2026-06-24;INSEE_SDMX;2026-09-21
ICC;000008630;2010-T1;1508;A;2026-06-24;INSEE_SDMX;2026-09-21
ICC;000008630;2010-T2;1517;A;2026-06-24;INSEE_SDMX;2026-09-21
ICC;000008630;2010-T3;1520;A;2026-06-24;INSEE_SDMX;2026-09-21
ICC;000008630;2010-T4;1533;A;2026-06-24;INSEE_SDMX;2026-09-21
ICC;000008630;2011-T1;1554;A;2026-06-24;INSEE_SDMX;2026-09-21
ICC;000008630;2011-T2;1593;A;2026-06-24;INSEE_SDMX;2026-09-21
ICC;000008630;2011-T3;1624;A;2026-06-24;INSEE_SDMX;2026-09-21
ICC;000008630;2011-T4;1638;A;2026-06-24;INSEE_SDMX;2026-09-21
ICC;000008630;2012-T1;1617;A;2026-06-24;INSEE_SDMX;2026-09-21
ICC;000008630;2012-T2;1666;A;2026-06-24;INSEE_SDMX;2026-09-21
ICC;000008630;2012-T3;1648;A;2026-06-24;INSEE_SDMX;2026-09-21
ICC;000008630;2012-T4;1639;A;2026-06-24;INSEE_SDMX;2026-09-21
ICC;000008630;2013-T1;1646;A;2026-06-24;INSEE_SDMX;2026-09-21
ICC;000008630;2013-T2;1637;A;2026-06-24;INSEE_SDMX;2026-09-21
ICC;000008630;2013-T3;1612;A;2026-06-24;INSEE_SDMX;2026-09-21
ICC;000008630;2013-T4;1615;A;2026-06-24;INSEE_SDMX;2026-09-21
ICC;000008630;2014-T1;1648;A;2026-06-24;INSEE_SDMX;2026-09-21
ICC;000008630;2014-T2;1621;A;2026-06-24;INSEE_SDMX;2026-09-21
ICC;000008630;2014-T3;1627;A;2026-06-24;INSEE_SDMX;2026-09-21
ICC;000008630;2014-T4;1625;A;2026-06-24;INSEE_SDMX;2026-09-21
ICC;000008630;2015-T1;1632;A;2026-06-24;INSEE_SDMX;2026-09-21
ICC;000008630;2015-T2;1614;A;2026-06-24;INSEE_SDMX;2026-09-21
ICC;000008630;2015-T3;1608;A;2026-06-24;INSEE_SDMX;2026-09-21
ICC;000008630;2015-T4;1629;A;2026-06-24;INSEE_SDMX;2026-09-21
ICC;000008630;2016-T1;1615;A;2026-06-24;INSEE_SDMX;2026-09-21
ICC;000008630;2016-T2;1622;A;2026-06-24;INSEE_SDMX;2026-09-21
ICC;000008630;2016-T3;1643;A;2026-06-24;INSEE_SDMX;2026-09-21
ICC;000008630;2016-T4;1645;A;2026-06-24;INSEE_SDMX;2026-09-21
ICC;000008630;2017-T1;1650;A;2026-06-24;INSEE_SDMX;2026-09-21
ICC;000008630;2017-T2;1664;A;2026-06-24;INSEE_SDMX;2026-09-21
ICC;000008630;2017-T3;1670;A;2026-06-24;INSEE_SDMX;2026-09-21
ICC;000008630;2017-T4;1667;A;2026-06-24;INSEE_SDMX;2026-09-21
ICC;000008630;2018-T1;1671;A;2026-06-24;INSEE_SDMX;2026-09-21
ICC;000008630;2018-T2;1699;A;2026-06-24;INSEE_SDMX;2026-09-21
ICC;000008630;2018-T3;1733;A;2026-06-24;INSEE_SDMX;2026-09-21
ICC;000008630;2018-T4;1703;A;2026-06-24;INSEE_SDMX;2026-09-21
ICC;000008630;2019-T1;1728;A;2026-06-24;INSEE_SDMX;2026-09-21
ICC;000008630;2019-T2;1746;A;2026-06-24;INSEE_SDMX;2026-09-21
ICC;000008630;2019-T3;1746;A;2026-06-24;INSEE_SDMX;2026-09-21
ICC;000008630;2019-T4;1769;A;2026-06-24;INSEE_SDMX;2026-09-21
ICC;000008630;2020-T1;1770;A;2026-06-24;INSEE_SDMX;2026-09-21
ICC;000008630;2020-T2;1753;A;2026-06-24;INSEE_SDMX;2026-09-21
ICC;000008630;2020-T3;1765;A;2026-06-24;INSEE_SDMX;2026-09-21
ICC;000008630;2020-T4;1795;A;2026-06-24;INSEE_SDMX;2026-09-21
ICC;000008630;2021-T1;1822;A;2026-06-24;INSEE_SDMX;2026-09-21
ICC;000008630;2021-T2;1821;A;2026-06-24;INSEE_SDMX;2026-09-21
ICC;000008630;2021-T3;1886;A;2026-06-24;INSEE_SDMX;2026-09-21
ICC;000008630;2021-T4;1886;A;2026-06-24;INSEE_SDMX;2026-09-21
ICC;000008630;2022-T1;1948;A;2026-06-24;INSEE_SDMX;2026-09-21
ICC;000008630;2022-T2;1966;A;2026-06-24;INSEE_SDMX;2026-09-21
ICC;000008630;2022-T3;2037;A;2026-06-24;INSEE_SDMX;2026-09-21
ICC;000008630;2022-T4;2052;A;2026-06-24;INSEE_SDMX;2026-09-21
ICC;000008630;2023-T1;2077;A;2026-06-24;INSEE_SDMX;2026-09-21
ICC;000008630;2023-T2;2123;A;2026-06-24;INSEE_SDMX;2026-09-21
ICC;000008630;2023-T3;2106;A;2026-06-24;INSEE_SDMX;2026-09-21
ICC;000008630;2023-T4;2162;A;2026-06-24;INSEE_SDMX;2026-09-21
ICC;000008630;2024-T1;2227;A;2026-06-24;INSEE_SDMX;2026-09-21
ICC;000008630;2024-T2;2205;A;2026-06-24;INSEE_SDMX;2026-09-21
ICC;000008630;2024-T3;2143;A;2026-06-24;INSEE_SDMX;2026-09-21
ICC;000008630;2024-T4;2108;A;2026-06-24;INSEE_SDMX;2026-09-21
ICC;000008630;2025-T1;2146;A;2026-06-24;INSEE_SDMX;2026-09-21
ICC;000008630;2025-T2;2086;A;2026-06-24;INSEE_SDMX;2026-09-21
ICC;000008630;2025-T3;2056;A;2026-06-24;INSEE_SDMX;2026-09-21
ICC;000008630;2025-T4;2058;A;2026-06-24;INSEE_SDMX;2026-09-21
ICC;000008630;2026-T1;2084;A;2026-06-24;INSEE_SDMX;2026-09-21
ILAT;001617112;2005-T1;89.64;A;2026-06-24;INSEE_SDMX;2026-09-21
ILAT;001617112;2005-T2;90.07;A;2026-06-24;INSEE_SDMX;2026-09-21
ILAT;001617112;2005-T3;90.51;A;2026-06-24;INSEE_SDMX;2026-09-21
ILAT;001617112;2005-T4;91.18;A;2026-06-24;INSEE_SDMX;2026-09-21
ILAT;001617112;2006-T1;92;A;2026-06-24;INSEE_SDMX;2026-09-21
ILAT;001617112;2006-T2;92.87;A;2026-06-24;INSEE_SDMX;2026-09-21
ILAT;001617112;2006-T3;93.78;A;2026-06-24;INSEE_SDMX;2026-09-21
ILAT;001617112;2006-T4;94.52;A;2026-06-24;INSEE_SDMX;2026-09-21
ILAT;001617112;2007-T1;95.06;A;2026-06-24;INSEE_SDMX;2026-09-21
ILAT;001617112;2007-T2;95.76;A;2026-06-24;INSEE_SDMX;2026-09-21
ILAT;001617112;2007-T3;96.45;A;2026-06-24;INSEE_SDMX;2026-09-21
ILAT;001617112;2007-T4;97.25;A;2026-06-24;INSEE_SDMX;2026-09-21
ILAT;001617112;2008-T1;98.32;A;2026-06-24;INSEE_SDMX;2026-09-21
ILAT;001617112;2008-T2;99.43;A;2026-06-24;INSEE_SDMX;2026-09-21
ILAT;001617112;2008-T3;100.59;A;2026-06-24;INSEE_SDMX;2026-09-21
ILAT;001617112;2008-T4;101.03;A;2026-06-24;INSEE_SDMX;2026-09-21
ILAT;001617112;2009-T1;100.97;A;2026-06-24;INSEE_SDMX;2026-09-21
ILAT;001617112;2009-T2;100.49;A;2026-06-24;INSEE_SDMX;2026-09-21
ILAT;001617112;2009-T3;99.86;A;2026-06-24;INSEE_SDMX;2026-09-21
ILAT;001617112;2009-T4;99.76;A;2026-06-24;INSEE_SDMX;2026-09-21
ILAT;001617112;2010-T1;100;A;2026-06-24;INSEE_SDMX;2026-09-21
ILAT;001617112;2010-T2;100.41;A;2026-06-24;INSEE_SDMX;2026-09-21
ILAT;001617112;2010-T3;100.84;A;2026-06-24;INSEE_SDMX;2026-09-21
ILAT;001617112;2010-T4;101.31;A;2026-06-24;INSEE_SDMX;2026-09-21
ILAT;001617112;2011-T1;101.96;A;2026-06-24;INSEE_SDMX;2026-09-21
ILAT;001617112;2011-T2;102.74;A;2026-06-24;INSEE_SDMX;2026-09-21
ILAT;001617112;2011-T3;103.64;A;2026-06-24;INSEE_SDMX;2026-09-21
ILAT;001617112;2011-T4;104.6;A;2026-06-24;INSEE_SDMX;2026-09-21
ILAT;001617112;2012-T1;105.31;A;2026-06-24;INSEE_SDMX;2026-09-21
ILAT;001617112;2012-T2;106;A;2026-06-24;INSEE_SDMX;2026-09-21
ILAT;001617112;2012-T3;106.46;A;2026-06-24;INSEE_SDMX;2026-09-21
ILAT;001617112;2012-T4;106.73;A;2026-06-24;INSEE_SDMX;2026-09-21
ILAT;001617112;2013-T1;107.09;A;2026-06-24;INSEE_SDMX;2026-09-21
ILAT;001617112;2013-T2;107.18;A;2026-06-24;INSEE_SDMX;2026-09-21
ILAT;001617112;2013-T3;107.16;A;2026-06-24;INSEE_SDMX;2026-09-21
ILAT;001617112;2013-T4;107.26;A;2026-06-24;INSEE_SDMX;2026-09-21
ILAT;001617112;2014-T1;107.38;A;2026-06-24;INSEE_SDMX;2026-09-21
ILAT;001617112;2014-T2;107.44;A;2026-06-24;INSEE_SDMX;2026-09-21
ILAT;001617112;2014-T3;107.62;A;2026-06-24;INSEE_SDMX;2026-09-21
ILAT;001617112;2014-T4;107.8;A;2026-06-24;INSEE_SDMX;2026-09-21
ILAT;001617112;2015-T1;107.69;A;2026-06-24;INSEE_SDMX;2026-09-21
ILAT;001617112;2015-T2;107.86;A;2026-06-24;INSEE_SDMX;2026-09-21
ILAT;001617112;2015-T3;107.98;A;2026-06-24;INSEE_SDMX;2026-09-21
ILAT;001617112;2015-T4;108.16;A;2026-06-24;INSEE_SDMX;2026-09-21
ILAT;001617112;2016-T1;108.2;A;2026-06-24;INSEE_SDMX;2026-09-21
ILAT;001617112;2016-T2;108.41;A;2026-06-24;INSEE_SDMX;2026-09-21
ILAT;001617112;2016-T3;108.69;A;2026-06-24;INSEE_SDMX;2026-09-21
ILAT;001617112;2016-T4;108.94;A;2026-06-24;INSEE_SDMX;2026-09-21
ILAT;001617112;2017-T1;109.41;A;2026-06-24;INSEE_SDMX;2026-09-21
ILAT;001617112;2017-T2;109.89;A;2026-06-24;INSEE_SDMX;2026-09-21
ILAT;001617112;2017-T3;110.36;A;2026-06-24;INSEE_SDMX;2026-09-21
ILAT;001617112;2017-T4;110.88;A;2026-06-24;INSEE_SDMX;2026-09-21
ILAT;001617112;2018-T1;111.45;A;2026-06-24;INSEE_SDMX;2026-09-21
ILAT;001617112;2018-T2;112.01;A;2026-06-24;INSEE_SDMX;2026-09-21
ILAT;001617112;2018-T3;112.74;A;2026-06-24;INSEE_SDMX;2026-09-21
ILAT;001617112;2018-T4;113.3;A;2026-06-24;INSEE_SDMX;2026-09-21
ILAT;001617112;2019-T1;113.88;A;2026-06-24;INSEE_SDMX;2026-09-21
ILAT;001617112;2019-T2;114.47;A;2026-06-24;INSEE_SDMX;2026-09-21
ILAT;001617112;2019-T3;114.85;A;2026-06-24;INSEE_SDMX;2026-09-21
ILAT;001617112;2019-T4;115.43;A;2026-06-24;INSEE_SDMX;2026-09-21
ILAT;001617112;2020-T1;115.53;A;2026-06-24;INSEE_SDMX;2026-09-21
ILAT;001617112;2020-T2;114.33;A;2026-06-24;INSEE_SDMX;2026-09-21
ILAT;001617112;2020-T3;114.23;A;2026-06-24;INSEE_SDMX;2026-09-21
ILAT;001617112;2020-T4;114.06;A;2026-06-24;INSEE_SDMX;2026-09-21
ILAT;001617112;2021-T1;114.87;A;2026-06-24;INSEE_SDMX;2026-09-21
ILAT;001617112;2021-T2;116.46;A;2026-06-24;INSEE_SDMX;2026-09-21
ILAT;001617112;2021-T3;117.61;A;2026-06-24;INSEE_SDMX;2026-09-21
ILAT;001617112;2021-T4;118.97;A;2026-06-24;INSEE_SDMX;2026-09-21
ILAT;001617112;2022-T1;120.73;A;2026-06-24;INSEE_SDMX;2026-09-21
ILAT;001617112;2022-T2;122.65;A;2026-06-24;INSEE_SDMX;2026-09-21
ILAT;001617112;2022-T3;124.53;A;2026-06-24;INSEE_SDMX;2026-09-21
ILAT;001617112;2022-T4;126.66;A;2026-06-24;INSEE_SDMX;2026-09-21
ILAT;001617112;2023-T1;128.59;A;2026-06-24;INSEE_SDMX;2026-09-21
ILAT;001617112;2023-T2;130.64;A;2026-06-24;INSEE_SDMX;2026-09-21
ILAT;001617112;2023-T3;132.15;A;2026-06-24;INSEE_SDMX;2026-09-21
ILAT;001617112;2023-T4;133.69;A;2026-06-24;INSEE_SDMX;2026-09-21
ILAT;001617112;2024-T1;135.13;A;2026-06-24;INSEE_SDMX;2026-09-21
ILAT;001617112;2024-T2;136.45;A;2026-06-24;INSEE_SDMX;2026-09-21
ILAT;001617112;2024-T3;137.12;A;2026-06-24;INSEE_SDMX;2026-09-21
ILAT;001617112;2024-T4;137.29;A;2026-06-24;INSEE_SDMX;2026-09-21
ILAT;001617112;2025-T1;137.29;A;2026-06-24;INSEE_SDMX;2026-09-21
ILAT;001617112;2025-T2;137.15;A;2026-06-24;INSEE_SDMX;2026-09-21
ILAT;001617112;2025-T3;137.07;A;2026-06-24;INSEE_SDMX;2026-09-21
ILAT;001617112;2025-T4;137.21;A;2026-06-24;INSEE_SDMX;2026-09-21
ILAT;001617112;2026-T1;137.42;A;2026-06-24;INSEE_SDMX;2026-09-21
ILC;001532540;2005-T1;92.15;A;2026-06-24;INSEE_SDMX;2026-09-21
ILC;001532540;2005-T2;92.46;A;2026-06-24;INSEE_SDMX;2026-09-21
ILC;001532540;2005-T3;92.86;A;2026-06-24;INSEE_SDMX;2026-09-21
ILC;001532540;2005-T4;93.46;A;2026-06-24;INSEE_SDMX;2026-09-21
ILC;001532540;2006-T1;94.21;A;2026-06-24;INSEE_SDMX;2026-09-21
ILC;001532540;2006-T2;95;A;2026-06-24;INSEE_SDMX;2026-09-21
ILC;001532540;2006-T3;95.8;A;2026-06-24;INSEE_SDMX;2026-09-21
ILC;001532540;2006-T4;96.4;A;2026-06-24;INSEE_SDMX;2026-09-21
ILC;001532540;2007-T1;96.81;A;2026-06-24;INSEE_SDMX;2026-09-21
ILC;001532540;2007-T2;97.45;A;2026-06-24;INSEE_SDMX;2026-09-21
ILC;001532540;2007-T3;98.07;A;2026-06-24;INSEE_SDMX;2026-09-21
ILC;001532540;2007-T4;98.9;A;2026-06-24;INSEE_SDMX;2026-09-21
ILC;001532540;2008-T1;100;A;2026-06-24;INSEE_SDMX;2026-09-21
ILC;001532540;2008-T2;101.2;A;2026-06-24;INSEE_SDMX;2026-09-21
ILC;001532540;2008-T3;102.46;A;2026-06-24;INSEE_SDMX;2026-09-21
ILC;001532540;2008-T4;103.01;A;2026-06-24;INSEE_SDMX;2026-09-21
ILC;001532540;2009-T1;102.73;A;2026-06-24;INSEE_SDMX;2026-09-21
ILC;001532540;2009-T2;102.05;A;2026-06-24;INSEE_SDMX;2026-09-21
ILC;001532540;2009-T3;101.21;A;2026-06-24;INSEE_SDMX;2026-09-21
ILC;001532540;2009-T4;101.07;A;2026-06-24;INSEE_SDMX;2026-09-21
ILC;001532540;2010-T1;101.36;A;2026-06-24;INSEE_SDMX;2026-09-21
ILC;001532540;2010-T2;101.83;A;2026-06-24;INSEE_SDMX;2026-09-21
ILC;001532540;2010-T3;102.36;A;2026-06-24;INSEE_SDMX;2026-09-21
ILC;001532540;2010-T4;102.92;A;2026-06-24;INSEE_SDMX;2026-09-21
ILC;001532540;2011-T1;103.64;A;2026-06-24;INSEE_SDMX;2026-09-21
ILC;001532540;2011-T2;104.44;A;2026-06-24;INSEE_SDMX;2026-09-21
ILC;001532540;2011-T3;105.31;A;2026-06-24;INSEE_SDMX;2026-09-21
ILC;001532540;2011-T4;106.28;A;2026-06-24;INSEE_SDMX;2026-09-21
ILC;001532540;2012-T1;107.01;A;2026-06-24;INSEE_SDMX;2026-09-21
ILC;001532540;2012-T2;107.65;A;2026-06-24;INSEE_SDMX;2026-09-21
ILC;001532540;2012-T3;108.17;A;2026-06-24;INSEE_SDMX;2026-09-21
ILC;001532540;2012-T4;108.34;A;2026-06-24;INSEE_SDMX;2026-09-21
ILC;001532540;2013-T1;108.53;A;2026-06-24;INSEE_SDMX;2026-09-21
ILC;001532540;2013-T2;108.5;A;2026-06-24;INSEE_SDMX;2026-09-21
ILC;001532540;2013-T3;108.47;A;2026-06-24;INSEE_SDMX;2026-09-21
ILC;001532540;2013-T4;108.46;A;2026-06-24;INSEE_SDMX;2026-09-21
ILC;001532540;2014-T1;108.5;A;2026-06-24;INSEE_SDMX;2026-09-21
ILC;001532540;2014-T2;108.5;A;2026-06-24;INSEE_SDMX;2026-09-21
ILC;001532540;2014-T3;108.52;A;2026-06-24;INSEE_SDMX;2026-09-21
ILC;001532540;2014-T4;108.47;A;2026-06-24;INSEE_SDMX;2026-09-21
ILC;001532540;2015-T1;108.32;A;2026-06-24;INSEE_SDMX;2026-09-21
ILC;001532540;2015-T2;108.38;A;2026-06-24;INSEE_SDMX;2026-09-21
ILC;001532540;2015-T3;108.38;A;2026-06-24;INSEE_SDMX;2026-09-21
ILC;001532540;2015-T4;108.41;A;2026-06-24;INSEE_SDMX;2026-09-21
ILC;001532540;2016-T1;108.4;A;2026-06-24;INSEE_SDMX;2026-09-21
ILC;001532540;2016-T2;108.4;A;2026-06-24;INSEE_SDMX;2026-09-21
ILC;001532540;2016-T3;108.56;A;2026-06-24;INSEE_SDMX;2026-09-21
ILC;001532540;2016-T4;108.91;A;2026-06-24;INSEE_SDMX;2026-09-21
ILC;001532540;2017-T1;109.46;A;2026-06-24;INSEE_SDMX;2026-09-21
ILC;001532540;2017-T2;110;A;2026-06-24;INSEE_SDMX;2026-09-21
ILC;001532540;2017-T3;110.78;A;2026-06-24;INSEE_SDMX;2026-09-21
ILC;001532540;2017-T4;111.33;A;2026-06-24;INSEE_SDMX;2026-09-21
ILC;001532540;2018-T1;111.87;A;2026-06-24;INSEE_SDMX;2026-09-21
ILC;001532540;2018-T2;112.59;A;2026-06-24;INSEE_SDMX;2026-09-21
ILC;001532540;2018-T3;113.45;A;2026-06-24;INSEE_SDMX;2026-09-21
ILC;001532540;2018-T4;114.06;A;2026-06-24;INSEE_SDMX;2026-09-21
ILC;001532540;2019-T1;114.64;A;2026-06-24;INSEE_SDMX;2026-09-21
ILC;001532540;2019-T2;115.21;A;2026-06-24;INSEE_SDMX;2026-09-21
ILC;001532540;2019-T3;115.6;A;2026-06-24;INSEE_SDMX;2026-09-21
ILC;001532540;2019-T4;116.16;A;2026-06-24;INSEE_SDMX;2026-09-21
ILC;001532540;2020-T1;116.23;A;2026-06-24;INSEE_SDMX;2026-09-21
ILC;001532540;2020-T2;115.42;A;2026-06-24;INSEE_SDMX;2026-09-21
ILC;001532540;2020-T3;115.7;A;2026-06-24;INSEE_SDMX;2026-09-21
ILC;001532540;2020-T4;115.79;A;2026-06-24;INSEE_SDMX;2026-09-21
ILC;001532540;2021-T1;116.73;A;2026-06-24;INSEE_SDMX;2026-09-21
ILC;001532540;2021-T2;118.41;A;2026-06-24;INSEE_SDMX;2026-09-21
ILC;001532540;2021-T3;119.7;A;2026-06-24;INSEE_SDMX;2026-09-21
ILC;001532540;2021-T4;118.59;A;2026-06-24;INSEE_SDMX;2026-09-21
ILC;001532540;2022-T1;120.61;A;2026-06-24;INSEE_SDMX;2026-09-21
ILC;001532540;2022-T2;123.65;A;2026-06-24;INSEE_SDMX;2026-09-21
ILC;001532540;2022-T3;126.13;A;2026-06-24;INSEE_SDMX;2026-09-21
ILC;001532540;2022-T4;126.05;A;2026-06-24;INSEE_SDMX;2026-09-21
ILC;001532540;2023-T1;128.68;A;2026-06-24;INSEE_SDMX;2026-09-21
ILC;001532540;2023-T2;131.81;A;2026-06-24;INSEE_SDMX;2026-09-21
ILC;001532540;2023-T3;133.66;A;2026-06-24;INSEE_SDMX;2026-09-21
ILC;001532540;2023-T4;132.63;A;2026-06-24;INSEE_SDMX;2026-09-21
ILC;001532540;2024-T1;134.58;A;2026-06-24;INSEE_SDMX;2026-09-21
ILC;001532540;2024-T2;136.72;A;2026-06-24;INSEE_SDMX;2026-09-21
ILC;001532540;2024-T3;137.71;A;2026-06-24;INSEE_SDMX;2026-09-21
ILC;001532540;2024-T4;135.3;A;2026-06-24;INSEE_SDMX;2026-09-21
ILC;001532540;2025-T1;135.87;A;2026-06-24;INSEE_SDMX;2026-09-21
ILC;001532540;2025-T2;136.81;A;2026-06-24;INSEE_SDMX;2026-09-21
ILC;001532540;2025-T3;137.09;A;2026-06-24;INSEE_SDMX;2026-09-21
ILC;001532540;2025-T4;134.62;A;2026-06-24;INSEE_SDMX;2026-09-21
ILC;001532540;2026-T1;135.26;A;2026-06-24;INSEE_SDMX;2026-09-21
IRL;001515333;2002-T4;105.61;A;2026-07-10;INSEE_SDMX;2026-09-21
IRL;001515333;2003-T1;106.17;A;2026-07-10;INSEE_SDMX;2026-09-21
IRL;001515333;2003-T2;106.61;A;2026-07-10;INSEE_SDMX;2026-09-21
IRL;001515333;2003-T3;107.06;A;2026-07-10;INSEE_SDMX;2026-09-21
IRL;001515333;2003-T4;107.49;A;2026-07-10;INSEE_SDMX;2026-09-21
IRL;001515333;2004-T1;107.8;A;2026-07-10;INSEE_SDMX;2026-09-21
IRL;001515333;2004-T2;108.28;A;2026-07-10;INSEE_SDMX;2026-09-21
IRL;001515333;2004-T3;108.72;A;2026-07-10;INSEE_SDMX;2026-09-21
IRL;001515333;2004-T4;109.2;A;2026-07-10;INSEE_SDMX;2026-09-21
IRL;001515333;2005-T1;109.64;A;2026-07-10;INSEE_SDMX;2026-09-21
IRL;001515333;2005-T2;110.08;A;2026-07-10;INSEE_SDMX;2026-09-21
IRL;001515333;2005-T3;110.57;A;2026-07-10;INSEE_SDMX;2026-09-21
IRL;001515333;2005-T4;111.01;A;2026-07-10;INSEE_SDMX;2026-09-21
IRL;001515333;2006-T1;111.47;A;2026-07-10;INSEE_SDMX;2026-09-21
IRL;001515333;2006-T2;111.98;A;2026-07-10;INSEE_SDMX;2026-09-21
IRL;001515333;2006-T3;112.43;A;2026-07-10;INSEE_SDMX;2026-09-21
IRL;001515333;2006-T4;112.77;A;2026-07-10;INSEE_SDMX;2026-09-21
IRL;001515333;2007-T1;113.07;A;2026-07-10;INSEE_SDMX;2026-09-21
IRL;001515333;2007-T2;113.37;A;2026-07-10;INSEE_SDMX;2026-09-21
IRL;001515333;2007-T3;113.68;A;2026-07-10;INSEE_SDMX;2026-09-21
IRL;001515333;2007-T4;114.3;A;2026-07-10;INSEE_SDMX;2026-09-21
IRL;001515333;2008-T1;115.12;A;2026-07-10;INSEE_SDMX;2026-09-21
IRL;001515333;2008-T2;116.07;A;2026-07-10;INSEE_SDMX;2026-09-21
IRL;001515333;2008-T3;117.03;A;2026-07-10;INSEE_SDMX;2026-09-21
IRL;001515333;2008-T4;117.54;A;2026-07-10;INSEE_SDMX;2026-09-21
IRL;001515333;2009-T1;117.7;A;2026-07-10;INSEE_SDMX;2026-09-21
IRL;001515333;2009-T2;117.59;A;2026-07-10;INSEE_SDMX;2026-09-21
IRL;001515333;2009-T3;117.41;A;2026-07-10;INSEE_SDMX;2026-09-21
IRL;001515333;2009-T4;117.47;A;2026-07-10;INSEE_SDMX;2026-09-21
IRL;001515333;2010-T1;117.81;A;2026-07-10;INSEE_SDMX;2026-09-21
IRL;001515333;2010-T2;118.26;A;2026-07-10;INSEE_SDMX;2026-09-21
IRL;001515333;2010-T3;118.7;A;2026-07-10;INSEE_SDMX;2026-09-21
IRL;001515333;2010-T4;119.17;A;2026-07-10;INSEE_SDMX;2026-09-21
IRL;001515333;2011-T1;119.69;A;2026-07-10;INSEE_SDMX;2026-09-21
IRL;001515333;2011-T2;120.31;A;2026-07-10;INSEE_SDMX;2026-09-21
IRL;001515333;2011-T3;120.95;A;2026-07-10;INSEE_SDMX;2026-09-21
IRL;001515333;2011-T4;121.68;A;2026-07-10;INSEE_SDMX;2026-09-21
IRL;001515333;2012-T1;122.37;A;2026-07-10;INSEE_SDMX;2026-09-21
IRL;001515333;2012-T2;122.96;A;2026-07-10;INSEE_SDMX;2026-09-21
IRL;001515333;2012-T3;123.55;A;2026-07-10;INSEE_SDMX;2026-09-21
IRL;001515333;2012-T4;123.97;A;2026-07-10;INSEE_SDMX;2026-09-21
IRL;001515333;2013-T1;124.25;A;2026-07-10;INSEE_SDMX;2026-09-21
IRL;001515333;2013-T2;124.44;A;2026-07-10;INSEE_SDMX;2026-09-21
IRL;001515333;2013-T3;124.66;A;2026-07-10;INSEE_SDMX;2026-09-21
IRL;001515333;2013-T4;124.83;A;2026-07-10;INSEE_SDMX;2026-09-21
IRL;001515333;2014-T1;125;A;2026-07-10;INSEE_SDMX;2026-09-21
IRL;001515333;2014-T2;125.15;A;2026-07-10;INSEE_SDMX;2026-09-21
IRL;001515333;2014-T3;125.24;A;2026-07-10;INSEE_SDMX;2026-09-21
IRL;001515333;2014-T4;125.29;A;2026-07-10;INSEE_SDMX;2026-09-21
IRL;001515333;2015-T1;125.19;A;2026-07-10;INSEE_SDMX;2026-09-21
IRL;001515333;2015-T2;125.25;A;2026-07-10;INSEE_SDMX;2026-09-21
IRL;001515333;2015-T3;125.26;A;2026-07-10;INSEE_SDMX;2026-09-21
IRL;001515333;2015-T4;125.28;A;2026-07-10;INSEE_SDMX;2026-09-21
IRL;001515333;2016-T1;125.26;A;2026-07-10;INSEE_SDMX;2026-09-21
IRL;001515333;2016-T2;125.25;A;2026-07-10;INSEE_SDMX;2026-09-21
IRL;001515333;2016-T3;125.33;A;2026-07-10;INSEE_SDMX;2026-09-21
IRL;001515333;2016-T4;125.5;A;2026-07-10;INSEE_SDMX;2026-09-21
IRL;001515333;2017-T1;125.9;A;2026-07-10;INSEE_SDMX;2026-09-21
IRL;001515333;2017-T2;126.19;A;2026-07-10;INSEE_SDMX;2026-09-21
IRL;001515333;2017-T3;126.46;A;2026-07-10;INSEE_SDMX;2026-09-21
IRL;001515333;2017-T4;126.82;A;2026-07-10;INSEE_SDMX;2026-09-21
IRL;001515333;2018-T1;127.22;A;2026-07-10;INSEE_SDMX;2026-09-21
IRL;001515333;2018-T2;127.77;A;2026-07-10;INSEE_SDMX;2026-09-21
IRL;001515333;2018-T3;128.45;A;2026-07-10;INSEE_SDMX;2026-09-21
IRL;001515333;2018-T4;129.03;A;2026-07-10;INSEE_SDMX;2026-09-21
IRL;001515333;2019-T1;129.38;A;2026-07-10;INSEE_SDMX;2026-09-21
IRL;001515333;2019-T2;129.72;A;2026-07-10;INSEE_SDMX;2026-09-21
IRL;001515333;2019-T3;129.99;A;2026-07-10;INSEE_SDMX;2026-09-21
IRL;001515333;2019-T4;130.26;A;2026-07-10;INSEE_SDMX;2026-09-21
IRL;001515333;2020-T1;130.57;A;2026-07-10;INSEE_SDMX;2026-09-21
IRL;001515333;2020-T2;130.57;A;2026-07-10;INSEE_SDMX;2026-09-21
IRL;001515333;2020-T3;130.59;A;2026-07-10;INSEE_SDMX;2026-09-21
IRL;001515333;2020-T4;130.52;A;2026-07-10;INSEE_SDMX;2026-09-21
IRL;001515333;2021-T1;130.69;A;2026-07-10;INSEE_SDMX;2026-09-21
IRL;001515333;2021-T2;131.12;A;2026-07-10;INSEE_SDMX;2026-09-21
IRL;001515333;2021-T3;131.67;A;2026-07-10;INSEE_SDMX;2026-09-21
IRL;001515333;2021-T4;132.62;A;2026-07-10;INSEE_SDMX;2026-09-21
IRL;001515333;2022-T1;133.93;A;2026-07-10;INSEE_SDMX;2026-09-21
IRL;001515333;2022-T2;135.84;A;2026-07-10;INSEE_SDMX;2026-09-21
IRL;001515333;2022-T3;136.27;A;2026-07-10;INSEE_SDMX;2026-09-21
IRL;001515333;2022-T4;137.26;A;2026-07-10;INSEE_SDMX;2026-09-21
IRL;001515333;2023-T1;138.61;A;2026-07-10;INSEE_SDMX;2026-09-21
IRL;001515333;2023-T2;140.59;A;2026-07-10;INSEE_SDMX;2026-09-21
IRL;001515333;2023-T3;141.03;A;2026-07-10;INSEE_SDMX;2026-09-21
IRL;001515333;2023-T4;142.06;A;2026-07-10;INSEE_SDMX;2026-09-21
IRL;001515333;2024-T1;143.46;A;2026-07-10;INSEE_SDMX;2026-09-21
IRL;001515333;2024-T2;145.17;A;2026-07-10;INSEE_SDMX;2026-09-21
IRL;001515333;2024-T3;144.51;A;2026-07-10;INSEE_SDMX;2026-09-21
IRL;001515333;2024-T4;144.64;A;2026-07-10;INSEE_SDMX;2026-09-21
IRL;001515333;2025-T1;145.47;A;2026-07-10;INSEE_SDMX;2026-09-21
IRL;001515333;2025-T2;146.68;A;2026-07-10;INSEE_SDMX;2026-09-21
IRL;001515333;2025-T3;145.77;A;2026-07-10;INSEE_SDMX;2026-09-21
IRL;001515333;2025-T4;145.78;A;2026-07-10;INSEE_SDMX;2026-09-21
IRL;001515333;2026-T1;146.6;A;2026-07-10;INSEE_SDMX;2026-09-21
IRL;001515333;2026-T2;148.37;A;2026-07-10;INSEE_SDMX;2026-09-21
